이상,미만,1,2,3,4,5,6,7,8,9,10,11
1055000,1060000,  - ,  - ,  - ,  - ,  - ,  - ,  - ,  - ,  - ,  - ,  -
1060000,1065000,1040,  - ,  - ,  - ,  - ,  - ,  - ,  - ,  - ,  - ,  -
1065000,1070000,1110,  - ,  - ,  - ,  - ,  - ,  - ,  - ,  - ,  - ,  -
1070000,1075000,1180,  - ,  - ,  - ,  - ,  - ,  - ,  - ,  - ,  - ,  -
1075000,1080000,1250,  - ,  - ,  - ,  - ,  - ,  - ,  - ,  - ,  - ,  -
1080000,1085000,1320,  - ,  - ,  - ,  - ,  - ,  - ,  - ,  - ,  - ,  -
1085000,1090000,1390,  - ,  - ,  - ,  - ,  - ,  - ,  - ,  - ,  - ,  -
1090000,1095000,1460,  - ,  - ,  - ,  - ,  - ,  - ,  - ,  - ,  - ,  -
1095000,1100000,1530,  - ,  - ,  - ,  - ,  - ,  - ,  - ,  - ,  - ,  -
1100000,1105000,1600,  - ,  - ,  - ,  - ,  - ,  - ,  - ,  - ,  - ,  -
1105000,1110000,1670,  - ,  - ,  - ,  - ,  - ,  - ,  - ,  - ,  - ,  -
1110000,1115000,1740,  - ,  - ,  - ,  - ,  - ,  - ,  - ,  - ,  - ,  -
1115000,1120000,1810,  - ,  - ,  - ,  - ,  - ,  - ,  - ,  - ,  - ,  -
1120000,1125000,1880,  - ,  - ,  - ,  - ,  - ,  - ,  - ,  - ,  - ,  -
1125000,1130000,1950,  - ,  - ,  - ,  - ,  - ,  - ,  - ,  - ,  - ,  -
1130000,1135000,2020,  - ,  - ,  - ,  - ,  - ,  - ,  - ,  - ,  - ,  -
1135000,1140000,2090,  - ,  - ,  - ,  - ,  - ,  - ,  - ,  - ,  - ,  -
1140000,1145000,2160,  - ,  - ,  - ,  - ,  - ,  - ,  - ,  - ,  - ,  -
1145000,1150000,2230,  - ,  - ,  - ,  - ,  - ,  - ,  - ,  - ,  - ,  -
1150000,1155000,2300,  - ,  - ,  - ,  - ,  - ,  - ,  - ,  - ,  - ,  -
1155000,1160000,2370,  - ,  - ,  - ,  - ,  - ,  - ,  - ,  - ,  - ,  -
1160000,1165000,2440,  - ,  - ,  - ,  - ,  - ,  - ,  - ,  - ,  - ,  -
1165000,1170000,2500,  - ,  - ,  - ,  - ,  - ,  - ,  - ,  - ,  - ,  -
1170000,1175000,2570,  - ,  - ,  - ,  - ,  - ,  - ,  - ,  - ,  - ,  -
1175000,1180000,2640,  - ,  - ,  - ,  - ,  - ,  - ,  - ,  - ,  - ,  -
1180000,1185000,2710,  - ,  - ,  - ,  - ,  - ,  - ,  - ,  - ,  - ,  -
1185000,1190000,2780,  - ,  - ,  - ,  - ,  - ,  - ,  - ,  - ,  - ,  -
1190000,1195000,2850,  - ,  - ,  - ,  - ,  - ,  - ,  - ,  - ,  - ,  -
1195000,1200000,2920,  - ,  - ,  - ,  - ,  - ,  - ,  - ,  - ,  - ,  -
1200000,1205000,2990,  - ,  - ,  - ,  - ,  - ,  - ,  - ,  - ,  - ,  -
1205000,1210000,3060,  - ,  - ,  - ,  - ,  - ,  - ,  - ,  - ,  - ,  -
1210000,1215000,3130,  - ,  - ,  - ,  - ,  - ,  - ,  - ,  - ,  - ,  -
1215000,1220000,3200,  - ,  - ,  - ,  - ,  - ,  - ,  - ,  - ,  - ,  -
1220000,1225000,3270,  - ,  - ,  - ,  - ,  - ,  - ,  - ,  - ,  - ,  -
1225000,1230000,3340,  - ,  - ,  - ,  - ,  - ,  - ,  - ,  - ,  - ,  -
1230000,1235000,3410,  - ,  - ,  - ,  - ,  - ,  - ,  - ,  - ,  - ,  -
1235000,1240000,3480,  - ,  - ,  - ,  - ,  - ,  - ,  - ,  - ,  - ,  -
1240000,1245000,3550,  - ,  - ,  - ,  - ,  - ,  - ,  - ,  - ,  - ,  -
1245000,1250000,3620,  - ,  - ,  - ,  - ,  - ,  - ,  - ,  - ,  - ,  -
1250000,1255000,3700,  - ,  - ,  - ,  - ,  - ,  - ,  - ,  - ,  - ,  -
1255000,1260000,3810,  - ,  - ,  - ,  - ,  - ,  - ,  - ,  - ,  - ,  -
1260000,1265000,3910,  - ,  - ,  - ,  - ,  - ,  - ,  - ,  - ,  - ,  -
1265000,1270000,4010,  - ,  - ,  - ,  - ,  - ,  - ,  - ,  - ,  - ,  -
1270000,1275000,4120,  - ,  - ,  - ,  - ,  - ,  - ,  - ,  - ,  - ,  -
1275000,1280000,4220,  - ,  - ,  - ,  - ,  - ,  - ,  - ,  - ,  - ,  -
1280000,1285000,4320,  - ,  - ,  - ,  - ,  - ,  - ,  - ,  - ,  - ,  -
1285000,1290000,4430,  - ,  - ,  - ,  - ,  - ,  - ,  - ,  - ,  - ,  -
1290000,1295000,4530,  - ,  - ,  - ,  - ,  - ,  - ,  - ,  - ,  - ,  -
1295000,1300000,4630,  - ,  - ,  - ,  - ,  - ,  - ,  - ,  - ,  - ,  -
1300000,1305000,4740,  - ,  - ,  - ,  - ,  - ,  - ,  - ,  - ,  - ,  -
1305000,1310000,4840,  - ,  - ,  - ,  - ,  - ,  - ,  - ,  - ,  - ,  -
1310000,1315000,4940,  - ,  - ,  - ,  - ,  - ,  - ,  - ,  - ,  - ,  -
1315000,1320000,5050,  - ,  - ,  - ,  - ,  - ,  - ,  - ,  - ,  - ,  -
1320000,1325000,5150,  - ,  - ,  - ,  - ,  - ,  - ,  - ,  - ,  - ,  -
1325000,1330000,5250,  - ,  - ,  - ,  - ,  - ,  - ,  - ,  - ,  - ,  -
1330000,1335000,5360,  - ,  - ,  - ,  - ,  - ,  - ,  - ,  - ,  - ,  -
1335000,1340000,5460,  - ,  - ,  - ,  - ,  - ,  - ,  - ,  - ,  - ,  -
1340000,1345000,5560,1060,  - ,  - ,  - ,  - ,  - ,  - ,  - ,  - ,  -
1345000,1350000,5670,1170,  - ,  - ,  - ,  - ,  - ,  - ,  - ,  - ,  -
1350000,1355000,5770,1270,  - ,  - ,  - ,  - ,  - ,  - ,  - ,  - ,  -
1355000,1360000,5870,1370,  - ,  - ,  - ,  - ,  - ,  - ,  - ,  - ,  -
1360000,1365000,5980,1480,  - ,  - ,  - ,  - ,  - ,  - ,  - ,  - ,  -
1365000,1370000,6080,1580,  - ,  - ,  - ,  - ,  - ,  - ,  - ,  - ,  -
1370000,1375000,6180,1680,  - ,  - ,  - ,  - ,  - ,  - ,  - ,  - ,  -
1375000,1380000,6290,1790,  - ,  - ,  - ,  - ,  - ,  - ,  - ,  - ,  -
1380000,1385000,6390,1890,  - ,  - ,  - ,  - ,  - ,  - ,  - ,  - ,  -
1385000,1390000,6490,1990,  - ,  - ,  - ,  - ,  - ,  - ,  - ,  - ,  -
1390000,1395000,6600,2100,  - ,  - ,  - ,  - ,  - ,  - ,  - ,  - ,  -
1395000,1400000,6700,2200,  - ,  - ,  - ,  - ,  - ,  - ,  - ,  - ,  -
1400000,1405000,6800,2300,  - ,  - ,  - ,  - ,  - ,  - ,  - ,  - ,  -
1405000,1410000,6910,2410,  - ,  - ,  - ,  - ,  - ,  - ,  - ,  - ,  -
1410000,1415000,7010,2510,  - ,  - ,  - ,  - ,  - ,  - ,  - ,  - ,  -
1415000,1420000,7110,2610,  - ,  - ,  - ,  - ,  - ,  - ,  - ,  - ,  -
1420000,1425000,7210,2710,  - ,  - ,  - ,  - ,  - ,  - ,  - ,  - ,  -
1425000,1430000,7320,2820,  - ,  - ,  - ,  - ,  - ,  - ,  - ,  - ,  -
1430000,1435000,7420,2920,  - ,  - ,  - ,  - ,  - ,  - ,  - ,  - ,  -
1435000,1440000,7520,3020,  - ,  - ,  - ,  - ,  - ,  - ,  - ,  - ,  -
1440000,1445000,7630,3130,  - ,  - ,  - ,  - ,  - ,  - ,  - ,  - ,  -
1445000,1450000,7730,3230,  - ,  - ,  - ,  - ,  - ,  - ,  - ,  - ,  -
1450000,1455000,7830,3330,  - ,  - ,  - ,  - ,  - ,  - ,  - ,  - ,  -
1455000,1460000,7940,3440,  - ,  - ,  - ,  - ,  - ,  - ,  - ,  - ,  -
1460000,1465000,8040,3540,  - ,  - ,  - ,  - ,  - ,  - ,  - ,  - ,  -
1465000,1470000,8140,3640,  - ,  - ,  - ,  - ,  - ,  - ,  - ,  - ,  -
1470000,1475000,8250,3750,  - ,  - ,  - ,  - ,  - ,  - ,  - ,  - ,  -
1475000,1480000,8350,3850,  - ,  - ,  - ,  - ,  - ,  - ,  - ,  - ,  -
1480000,1485000,8450,3950,  - ,  - ,  - ,  - ,  - ,  - ,  - ,  - ,  -
1485000,1490000,8560,4060,  - ,  - ,  - ,  - ,  - ,  - ,  - ,  - ,  -
1490000,1495000,8660,4160,  - ,  - ,  - ,  - ,  - ,  - ,  - ,  - ,  -
1495000,1500000,8760,4260,  - ,  - ,  - ,  - ,  - ,  - ,  - ,  - ,  -
1500000,1510000,8920,4420,  - ,  - ,  - ,  - ,  - ,  - ,  - ,  - ,  -
1510000,1520000,9120,4620,  - ,  - ,  - ,  - ,  - ,  - ,  - ,  - ,  -
1520000,1530000,9330,4830,  - ,  - ,  - ,  - ,  - ,  - ,  - ,  - ,  -
1530000,1540000,9540,5040,  - ,  - ,  - ,  - ,  - ,  - ,  - ,  - ,  -
1540000,1550000,9740,5240,  - ,  - ,  - ,  - ,  - ,  - ,  - ,  - ,  -
1550000,1560000,9950,5450,  - ,  - ,  - ,  - ,  - ,  - ,  - ,  - ,  -
1560000,1570000,10160,5660,  - ,  - ,  - ,  - ,  - ,  - ,  - ,  - ,  -
1570000,1580000,10360,5860,  - ,  - ,  - ,  - ,  - ,  - ,  - ,  - ,  -
1580000,1590000,10570,6070,  - ,  - ,  - ,  - ,  - ,  - ,  - ,  - ,  -
1590000,1600000,10780,6280,  - ,  - ,  - ,  - ,  - ,  - ,  - ,  - ,  -
1600000,1610000,10980,6480,  - ,  - ,  - ,  - ,  - ,  - ,  - ,  - ,  -
1610000,1620000,11190,6690,  - ,  - ,  - ,  - ,  - ,  - ,  - ,  - ,  -
1620000,1630000,11400,6900,  - ,  - ,  - ,  - ,  - ,  - ,  - ,  - ,  -
1630000,1640000,11600,7100,  - ,  - ,  - ,  - ,  - ,  - ,  - ,  - ,  -
1640000,1650000,11810,7310,  - ,  - ,  - ,  - ,  - ,  - ,  - ,  - ,  -
1650000,1660000,12020,7520,  - ,  - ,  - ,  - ,  - ,  - ,  - ,  - ,  -
1660000,1670000,12220,7720,  - ,  - ,  - ,  - ,  - ,  - ,  - ,  - ,  -
1670000,1680000,12430,7930,  - ,  - ,  - ,  - ,  - ,  - ,  - ,  - ,  -
1680000,1690000,12640,8140,  - ,  - ,  - ,  - ,  - ,  - ,  - ,  - ,  -
1690000,1700000,12840,8340,  - ,  - ,  - ,  - ,  - ,  - ,  - ,  - ,  -
1700000,1710000,13050,8550,  - ,  - ,  - ,  - ,  - ,  - ,  - ,  - ,  -
1710000,1720000,13260,8760,  - ,  - ,  - ,  - ,  - ,  - ,  - ,  - ,  -
1720000,1730000,13460,8960,1040,  - ,  - ,  - ,  - ,  - ,  - ,  - ,  -
1730000,1740000,13670,9170,1240,  - ,  - ,  - ,  - ,  - ,  - ,  - ,  -
1740000,1750000,13880,9380,1440,  - ,  - ,  - ,  - ,  - ,  - ,  - ,  -
1750000,1760000,14080,9580,1640,  - ,  - ,  - ,  - ,  - ,  - ,  - ,  -
1760000,1770000,14290,9790,1830,  - ,  - ,  - ,  - ,  - ,  - ,  - ,  -
1770000,1780000,14500,10000,2030,  - ,  - ,  - ,  - ,  - ,  - ,  - ,  -
1780000,1790000,14700,10200,2230,  - ,  - ,  - ,  - ,  - ,  - ,  - ,  -
1790000,1800000,14910,10410,2430,  - ,  - ,  - ,  - ,  - ,  - ,  - ,  -
1800000,1810000,15110,10610,2630,  - ,  - ,  - ,  - ,  - ,  - ,  - ,  -
1810000,1820000,15320,10820,2830,  - ,  - ,  - ,  - ,  - ,  - ,  - ,  -
1820000,1830000,15530,11030,3020,  - ,  - ,  - ,  - ,  - ,  - ,  - ,  -
1830000,1840000,15730,11230,3220,  - ,  - ,  - ,  - ,  - ,  - ,  - ,  -
1840000,1850000,15940,11440,3420,  - ,  - ,  - ,  - ,  - ,  - ,  - ,  -
1850000,1860000,16150,11650,3620,  - ,  - ,  - ,  - ,  - ,  - ,  - ,  -
1860000,1870000,16350,11850,3820,  - ,  - ,  - ,  - ,  - ,  - ,  - ,  -
1870000,1880000,16560,12060,4020,  - ,  - ,  - ,  - ,  - ,  - ,  - ,  -
1880000,1890000,16770,12270,4220,  - ,  - ,  - ,  - ,  - ,  - ,  - ,  -
1890000,1900000,16970,12470,4410,1040,  - ,  - ,  - ,  - ,  - ,  - ,  -
1900000,1910000,17180,12680,4610,1240,  - ,  - ,  - ,  - ,  - ,  - ,  -
1910000,1920000,17390,12890,4810,1440,  - ,  - ,  - ,  - ,  - ,  - ,  -
1920000,1930000,17590,13090,5010,1630,  - ,  - ,  - ,  - ,  - ,  - ,  -
1930000,1940000,17800,13300,5210,1830,  - ,  - ,  - ,  - ,  - ,  - ,  -
1940000,1950000,18010,13510,5410,2030,  - ,  - ,  - ,  - ,  - ,  - ,  -
1950000,1960000,18210,13710,5600,2230,  - ,  - ,  - ,  - ,  - ,  - ,  -
1960000,1970000,18420,13920,5800,2430,  - ,  - ,  - ,  - ,  - ,  - ,  -
1970000,1980000,18630,14130,6000,2630,  - ,  - ,  - ,  - ,  - ,  - ,  -
1980000,1990000,18880,14330,6200,2820,  - ,  - ,  - ,  - ,  - ,  - ,  -
1990000,2000000,19200,14540,6400,3020,  - ,  - ,  - ,  - ,  - ,  - ,  -
2000000,2010000,19520,14750,6600,3220,  - ,  - ,  - ,  - ,  - ,  - ,  -
2010000,2020000,19850,14950,6800,3420,  - ,  - ,  - ,  - ,  - ,  - ,  -
2020000,2030000,20170,15160,6990,3620,  - ,  - ,  - ,  - ,  - ,  - ,  -
2030000,2040000,20490,15370,7190,3820,  - ,  - ,  - ,  - ,  - ,  - ,  -
2040000,2050000,20810,15570,7390,4020,  - ,  - ,  - ,  - ,  - ,  - ,  -
2050000,2060000,21130,15780,7590,4210,  - ,  - ,  - ,  - ,  - ,  - ,  -
2060000,2070000,21450,15990,7790,4410,1040,  - ,  - ,  - ,  - ,  - ,  -
2070000,2080000,21770,16190,7990,4610,1240,  - ,  - ,  - ,  - ,  - ,  -
2080000,2090000,22090,16400,8180,4810,1430,  - ,  - ,  - ,  - ,  - ,  -
2090000,2100000,22420,16600,8380,5010,1630,  - ,  - ,  - ,  - ,  - ,  -
2100000,2110000,22740,16810,8580,5210,1830,  - ,  - ,  - ,  - ,  - ,  -
2110000,2120000,23060,17020,8780,5400,2030,  - ,  - ,  - ,  - ,  - ,  -
2120000,2130000,23380,17220,8980,5600,2230,  - ,  - ,  - ,  - ,  - ,  -
2130000,2140000,23700,17430,9180,5800,2430,  - ,  - ,  - ,  - ,  - ,  -
2140000,2150000,24020,17640,9380,6000,2630,  - ,  - ,  - ,  - ,  - ,  -
2150000,2160000,24340,17840,9570,6200,2820,  - ,  - ,  - ,  - ,  - ,  -
2160000,2170000,24660,18050,9770,6400,3020,  - ,  - ,  - ,  - ,  - ,  -
2170000,2180000,24990,18260,9970,6600,3220,  - ,  - ,  - ,  - ,  - ,  -
2180000,2190000,25310,18460,10170,6790,3420,  - ,  - ,  - ,  - ,  - ,  -
2190000,2200000,25630,18670,10370,6990,3620,  - ,  - ,  - ,  - ,  - ,  -
2200000,2210000,25950,18950,10570,7190,3820,  - ,  - ,  - ,  - ,  - ,  -
2210000,2220000,26270,19270,10760,7390,4010,  - ,  - ,  - ,  - ,  - ,  -
2220000,2230000,26590,19590,10960,7590,4210,  - ,  - ,  - ,  - ,  - ,  -
2230000,2240000,26910,19910,11160,7790,4410,1040,  - ,  - ,  - ,  - ,  -
2240000,2250000,27240,20240,11360,7980,4610,1230,  - ,  - ,  - ,  - ,  -
2250000,2260000,27560,20560,11560,8180,4810,1430,  - ,  - ,  - ,  - ,  -
2260000,2270000,27880,20880,11760,8380,5010,1630,  - ,  - ,  - ,  - ,  -
2270000,2280000,28200,21200,11960,8580,5210,1830,  - ,  - ,  - ,  - ,  -
2280000,2290000,28520,21520,12150,8780,5400,2030,  - ,  - ,  - ,  - ,  -
2290000,2300000,28840,21840,12350,8980,5600,2230,  - ,  - ,  - ,  - ,  -
2300000,2310000,29160,22160,12550,9180,5800,2430,  - ,  - ,  - ,  - ,  -
2310000,2320000,29480,22480,12750,9370,6000,2620,  - ,  - ,  - ,  - ,  -
2320000,2330000,29810,22810,12950,9570,6200,2820,  - ,  - ,  - ,  - ,  -
2330000,2340000,30130,23130,13150,9770,6400,3020,  - ,  - ,  - ,  - ,  -
2340000,2350000,30450,23450,13340,9970,6590,3220,  - ,  - ,  - ,  - ,  -
2350000,2360000,30770,23770,13540,10170,6790,3420,  - ,  - ,  - ,  - ,  -
2360000,2370000,31090,24090,13740,10370,6990,3620,  - ,  - ,  - ,  - ,  -
2370000,2380000,31410,24410,13940,10560,7190,3810,  - ,  - ,  - ,  - ,  -
2380000,2390000,31730,24730,14140,10760,7390,4010,  - ,  - ,  - ,  - ,  -
2390000,2400000,32050,25050,14340,10960,7590,4210,  - ,  - ,  - ,  - ,  -
2400000,2410000,32380,25380,14530,11160,7780,4410,1030,  - ,  - ,  - ,  -
2410000,2420000,32700,25700,14730,11360,7980,4610,1230,  - ,  - ,  - ,  -
2420000,2430000,33020,26020,14930,11560,8180,4810,1430,  - ,  - ,  - ,  -
2430000,2440000,33340,26340,15130,11760,8380,5010,1630,  - ,  - ,  - ,  -
2440000,2450000,33660,26660,15330,11950,8580,5200,1830,  - ,  - ,  - ,  -
2450000,2460000,33980,26980,15530,12150,8780,5400,2030,  - ,  - ,  - ,  -
2460000,2470000,34300,27300,15730,12350,8980,5600,2230,  - ,  - ,  - ,  -
2470000,2480000,34630,27630,15920,12550,9170,5800,2420,  - ,  - ,  - ,  -
2480000,2490000,34950,27950,16120,12750,9370,6000,2620,  - ,  - ,  - ,  -
2490000,2500000,35270,28270,16320,12950,9570,6200,2820,  - ,  - ,  - ,  -
2500000,2510000,35600,28600,16530,13150,9780,6400,3030,  - ,  - ,  - ,  -
2510000,2520000,35940,28940,16740,13360,9990,6610,3240,  - ,  - ,  - ,  -
2520000,2530000,36280,29280,16950,13580,10200,6830,3450,  - ,  - ,  - ,  -
2530000,2540000,36630,29630,17160,13790,10410,7040,3660,  - ,  - ,  - ,  -
2540000,2550000,36970,29970,17370,14000,10620,7250,3870,  - ,  - ,  - ,  -
2550000,2560000,37310,30310,17590,14210,10840,7460,4090,  - ,  - ,  - ,  -
2560000,2570000,37650,30650,17800,14420,11050,7670,4300,  - ,  - ,  - ,  -
2570000,2580000,38000,31000,18010,14630,11260,7880,4510,1130,  - ,  - ,  -
2580000,2590000,38340,31340,18220,14850,11470,8100,4720,1350,  - ,  - ,  -
2590000,2600000,38830,31680,18430,15060,11680,8310,4930,1560,  - ,  - ,  -
2600000,2610000,39690,32020,18650,15270,11900,8520,5150,1770,  - ,  - ,  -
2610000,2620000,40540,32360,18920,15480,12110,8730,5360,1980,  - ,  - ,  -
2620000,2630000,41400,32710,19250,15690,12320,8940,5570,2190,  - ,  - ,  -
2630000,2640000,42260,33050,19580,15910,12530,9160,5780,2410,  - ,  - ,  -
2640000,2650000,43110,33390,19910,16120,12740,9370,5990,2620,  - ,  - ,  -
2650000,2660000,43970,33730,20240,16330,12960,9580,6210,2830,  - ,  - ,  -
2660000,2670000,44820,34080,20570,16540,13170,9790,6420,3040,  - ,  - ,  -
2670000,2680000,45680,34420,20900,16750,13380,10000,6630,3250,  - ,  - ,  -
2680000,2690000,46540,34760,21230,16970,13590,10220,6840,3470,  - ,  - ,  -
2690000,2700000,47390,35100,21560,17180,13800,10430,7050,3680,  - ,  - ,  -
2700000,2710000,48250,35450,21890,17390,14020,10640,7270,3890,  - ,  - ,  -
2710000,2720000,49100,35790,22220,17600,14230,10850,7480,4100,  - ,  - ,  -
2720000,2730000,49960,36130,22550,17810,14440,11060,7690,4310,  - ,  - ,  -
2730000,2740000,50810,36470,22880,18030,14650,11280,7900,4530,1150,  - ,  -
2740000,2750000,51670,36810,23210,18240,14860,11490,8110,4740,1360,  - ,  -
2750000,2760000,52530,37160,23540,18450,15070,11700,8320,4950,1570,  - ,  -
2760000,2770000,53380,37500,23870,18660,15290,11910,8540,5160,1790,  - ,  -
2770000,2780000,54240,37840,24200,18950,15500,12120,8750,5370,2000,  - ,  -
2780000,2790000,55090,38180,24520,19270,15710,12340,8960,5590,2210,  - ,  -
2790000,2800000,55950,38530,24850,19600,15920,12550,9170,5800,2420,  - ,  -
2800000,2810000,56800,39300,25180,19930,16130,12760,9380,6010,2630,  - ,  -
2810000,2820000,57660,40160,25510,20260,16350,12970,9600,6220,2850,  - ,  -
2820000,2830000,58520,41020,25840,20590,16560,13180,9810,6430,3060,  - ,  -
2830000,2840000,59370,41870,26170,20920,16770,13400,10020,6650,3270,  - ,  -
2840000,2850000,60230,42730,26500,21250,16980,13610,10230,6860,3480,  - ,  -
2850000,2860000,61080,43580,26830,21580,17190,13820,10440,7070,3690,  - ,  -
2860000,2870000,61940,44440,27160,21910,17410,14030,10660,7280,3910,  - ,  -
2870000,2880000,62790,45290,27490,22240,17620,14240,10870,7490,4120,  - ,  -
2880000,2890000,63650,46150,27820,22570,17830,14460,11080,7710,4330,  - ,  -
2890000,2900000,64510,47010,28150,22900,18040,14670,11290,7920,4540,1170,  -
2900000,2910000,65360,47860,28480,23230,18250,14880,11500,8130,4750,1380,  -
2910000,2920000,66220,48720,28810,23560,18470,15090,11720,8340,4970,1590,  -
2920000,2930000,67070,49570,29140,23890,18680,15300,11930,8550,5180,1800,  -
2930000,2940000,67930,50430,29470,24220,18970,15510,12140,8760,5390,2010,  -
2940000,2950000,68780,51280,29800,24550,19300,15730,12350,8980,5600,2230,  -
2950000,2960000,69640,52140,30130,24880,19630,15940,12560,9190,5810,2440,  -
2960000,2970000,70500,53000,30460,25210,19960,16150,12780,9400,6030,2650,  -
2970000,2980000,71350,53850,30790,25540,20290,16360,12990,9610,6240,2860,  -
2980000,2990000,72210,54710,31120,25870,20620,16570,13200,9820,6450,3070,  -
2990000,3000000,73060,55560,31450,26200,20950,16790,13410,10040,6660,3290,  -
3000000,3020000,74350,56850,31940,26690,21440,17100,13730,10350,6980,3600,  -
3020000,3040000,76060,58560,32600,27350,22100,17530,14150,10780,7400,4030,  -
3040000,3060000,77770,60270,33260,28010,22760,17950,14580,11200,7830,4450,1080
3060000,3080000,79480,61980,33920,28670,23420,18380,15000,11630,8250,4880,1500
3080000,3100000,81190,63690,34580,29330,24080,18830,15430,12050,8680,5300,1930
3100000,3120000,82900,65400,35240,29990,24740,19490,15850,12470,9100,5720,2350
3120000,3140000,84620,67120,35900,30650,25400,20150,16270,12900,9520,6150,2770
3140000,3160000,86330,68830,36560,31310,26060,20810,16700,13320,9950,6570,3200
3160000,3180000,88040,70540,37220,31970,26720,21470,17120,13750,10370,7000,3620
3180000,3200000,89750,72250,37880,32630,27380,22130,17540,14170,10790,7420,4040
3200000,3220000,91460,73960,38540,33290,28040,22790,17970,14590,11220,7840,4470
3220000,3240000,93170,75670,40120,33950,28700,23450,18390,15020,11640,8270,4890
3240000,3260000,95430,77380,41770,34610,29360,24110,18860,15440,12070,8690,5320
3260000,3280000,97880,79100,43420,35270,30020,24770,19520,15870,12490,9120,5740
3280000,3300000,100320,80810,45070,35920,30670,25420,20170,16290,12910,9540,6160
3300000,3320000,102770,82520,46720,36580,31330,26080,20830,16710,13340,9960,6590
3320000,3340000,105210,84230,48370,37240,31990,26740,21490,17140,13760,10390,7010
3340000,3360000,107660,85940,49940,37870,32620,27370,22120,17540,14170,10790,7420
3360000,3380000,110100,87650,51510,38500,33250,28000,22750,17950,14570,11200,7820
3380000,3400000,112550,89370,53070,39950,33880,28630,23380,18350,14970,11600,8220
3400000,3420000,114990,91080,54640,41510,34500,29250,24000,18750,15370,12000,8620
3420000,3440000,117440,92790,56200,43080,35130,29880,24630,19380,15780,12400,9030
3440000,3460000,119880,94880,57770,44640,35750,30500,25250,20000,16180,12800,9430
3460000,3480000,122330,97330,59330,46210,36380,31130,25880,20630,16580,13210,9830
3480000,3500000,124770,99770,60900,47770,37010,31760,26510,21260,16980,13610,10230
3500000,3520000,127220,102220,62460,49340,37630,32380,27130,21880,17390,14010,10640
3520000,3540000,129660,104660,64030,50900,38260,33010,27760,22510,17790,14410,11040
3540000,3560000,132110,107110,65590,52460,39340,33630,28380,23130,18190,14820,11440
3560000,3580000,134550,109550,67150,54030,40900,34260,29010,23760,18590,15220,11840
3580000,3600000,137000,112000,68720,55590,42470,34880,29630,24380,19130,15620,12250
3600000,3620000,139440,114440,70280,57160,44030,35510,30260,25010,19760,16020,12650
3620000,3640000,141890,116890,71850,58720,45600,36140,30890,25640,20390,16420,13050
3640000,3660000,144330,119330,73410,60290,47160,36760,31510,26260,21010,16830,13450
3660000,3680000,146780,121780,74980,61850,48730,37390,32140,26890,21640,17230,13850
3680000,3700000,149220,124220,76540,63420,50290,38010,32760,27510,22260,17630,14260
3700000,3720000,151670,126670,78110,64980,51860,38730,33390,28140,22890,18030,14660
3720000,3740000,154110,129110,79670,66550,53420,40300,34020,28770,23520,18440,15060
3740000,3760000,156560,131560,81230,68110,54980,41860,34640,29390,24140,18890,15460
3760000,3780000,163920,136090,84260,71130,58010,44880,35850,30600,25350,20100,16240
3780000,3800000,166590,138740,85970,72850,59720,46600,36540,31290,26040,20790,16680
3800000,3820000,169260,141400,87680,74560,61430,48310,37220,31970,26720,21470,17120
3820000,3840000,171930,144050,89390,76270,63140,50020,37900,32650,27400,22150,17560
3840000,3860000,174600,146710,91100,77980,64850,51730,38600,33340,28090,22840,18000
3860000,3880000,177270,149360,92820,79690,66570,53440,40320,34020,28770,23520,18440
3880000,3900000,179940,152020,94920,81400,68280,55150,42030,34710,29460,24210,18960
3900000,3920000,182610,154670,97370,83110,69990,56860,43740,35390,30140,24890,19640
3920000,3940000,185280,157330,99810,84830,71700,58580,45450,36080,30830,25580,20330
3940000,3960000,187950,159980,102260,86540,73410,60290,47160,36760,31510,26260,21010
3960000,3980000,190620,162640,104700,88250,75120,62000,48870,37450,32200,26950,21700
3980000,4000000,193290,165290,107150,89960,76840,63710,50590,38130,32880,27630,22380
4000000,4020000,195960,167950,109590,91670,78550,65420,52300,39170,33570,28320,23070
4020000,4040000,198630,170600,112040,93380,80260,67130,54010,40880,34250,29000,23750
4040000,4060000,201300,173260,114480,95730,81970,68840,55720,42590,34930,29680,24430
4060000,4080000,203970,175910,116930,98180,83680,70560,57430,44310,35620,30370,25120
4080000,4100000,206640,178570,119370,100620,85390,72270,59140,46020,36300,31050,25800
4100000,4120000,209310,181220,121820,103070,87100,73980,60850,47730,36990,31740,26490
4120000,4140000,211980,183880,124260,105510,88820,75690,62570,49440,37670,32420,27170
4140000,4160000,214650,186530,126710,107960,90530,77400,64280,51150,38360,33110,27860
4160000,4180000,217320,189190,129150,110400,92240,79110,65990,52860,39740,33790,28540
4180000,4200000,219990,191840,131600,112850,94100,80830,67700,54580,41450,34480,29230
4200000,4220000,222660,194500,134040,115290,96540,82540,69410,56290,43160,35160,29910
4220000,4240000,225330,197150,136490,117740,98990,84250,71120,58000,44870,35850,30600
4240000,4260000,228000,199810,138930,120180,101430,85960,72830,59710,46580,36530,31280
4260000,4280000,230670,202460,141380,122630,103880,87670,74550,61420,48300,37220,31970
4280000,4300000,233340,205120,143820,125070,106320,89380,76260,63130,50010,37900,32650
4300000,4320000,236010,207770,146270,127520,108770,91090,77970,64840,51720,38590,33330
4320000,4340000,238680,210430,148710,129960,111210,92810,79680,66560,53430,40310,34020
4340000,4360000,241350,213080,151160,132410,113660,94910,81390,68270,55140,42020,34700
4360000,4380000,244020,215740,153600,134850,116100,97350,83100,69980,56850,43730,35390
4380000,4400000,246690,218390,156050,137300,118550,99800,84820,71690,58570,45440,36070
4400000,4420000,249360,221050,158490,139740,120990,102240,86530,73400,60280,47150,36760
4420000,4440000,252030,223700,160940,142190,123440,104690,88240,75110,61990,48860,37440
4440000,4460000,254700,226360,163380,144630,125880,107130,89950,76820,63700,50570,38130
4460000,4480000,257370,229010,165830,147080,128330,109580,91660,78540,65410,52290,39160
4480000,4500000,260040,231670,168270,149520,130770,112020,93370,80250,67120,54000,40870
4500000,4520000,262840,234460,170850,152100,133350,114600,95850,82050,68930,55800,42680
4520000,4540000,265650,237250,173430,154680,135930,117180,98430,83860,70730,57610,44480
4540000,4560000,268450,240040,176010,157260,138510,119760,101010,85670,72540,59420,46290
4560000,4580000,271260,242830,178590,159840,141090,122340,103590,87470,74350,61220,48100
4580000,4600000,276560,248120,183670,164920,146170,127420,108670,89920,76150,63030,49900
4600000,4620000,279370,250910,186250,167500,148750,130000,111250,92500,77960,64830,51710
4620000,4640000,282170,253700,188830,170080,151330,132580,113830,95080,79760,66640,53510
4640000,4660000,284980,256490,191410,172660,153910,135160,116410,97660,81570,68450,55320
4660000,4680000,287780,259280,193990,175240,156490,137740,118990,100240,83380,70250,57130
4680000,4700000,290590,262070,196570,177820,159070,140320,121570,102820,85180,72060,58930
4700000,4720000,293390,264860,199150,180400,161650,142900,124150,105400,86990,73860,60740
4720000,4740000,296200,267650,201730,182980,164230,145480,126730,107980,89230,75670,62540
4740000,4760000,299000,270440,204310,185560,166810,148060,129310,110560,91810,77480,64350
4760000,4780000,301810,273230,206890,188140,169390,150640,131890,113140,94390,79280,66160
4780000,4800000,304610,276020,209470,190720,171970,153220,134470,115720,96970,81090,67960
4800000,4820000,307420,278810,212050,193300,174550,155800,137050,118300,99550,82890,69770
4820000,4840000,310220,281600,214630,195880,177130,158380,139630,120880,102130,84700,71570
4840000,4860000,313030,284390,217210,198460,179710,160960,142210,123460,104710,86510,73380
4860000,4880000,315830,287180,219790,201040,182290,163540,144790,126040,107290,88540,75190
4880000,4900000,318640,289970,222370,203620,184870,166120,147370,128620,109870,91120,76990
4900000,4920000,321440,292760,224950,206200,187450,168700,149950,131200,112450,93700,78800
4920000,4940000,324250,295550,227530,208780,190030,171280,152530,133780,115030,96280,80600
4940000,4960000,327050,298340,230110,211360,192610,173860,155110,136360,117610,98860,82410
4960000,4980000,329860,301130,232690,213940,195190,176440,157690,138940,120190,101440,84220
4980000,5000000,332660,303920,235270,216520,197770,179020,160270,141520,122770,104020,86020
5000000,5020000,335470,306710,237850,219100,200350,181600,162850,144100,125350,106600,87850
5020000,5040000,338270,309500,240430,221680,202930,184180,165430,146680,127930,109180,90430
5040000,5060000,341080,312290,243010,224260,205510,186760,168010,149260,130510,111760,93010
5060000,5080000,343880,315080,245590,226840,208090,189340,170590,151840,133090,114340,95590
5080000,5100000,346690,317870,248170,229420,210670,191920,173170,154420,135670,116920,98170
5100000,5120000,349490,320660,250750,232000,213250,194500,175750,157000,138250,119500,100750
5120000,5140000,352300,323450,253330,234580,215830,197080,178330,159580,140830,122080,103330
5140000,5160000,355100,326240,255910,237160,218410,199660,180910,162160,143410,124660,105910
5160000,5180000,357910,329030,258490,239740,220990,202240,183490,164740,145990,127240,108490
5180000,5200000,360710,331820,261070,242320,223570,204820,186070,167320,148570,129820,111070
5200000,5220000,363520,334610,263650,244900,226150,207400,188650,169900,151150,132400,113650
5220000,5240000,366320,337400,266230,247480,228730,209980,191230,172480,153730,134980,116230
5240000,5260000,369130,340190,268810,250060,231310,212560,193810,175060,156310,137560,118810
5260000,5280000,371930,342980,271390,252640,233890,215140,196390,177640,158890,140140,121390
5280000,5300000,374740,345770,273970,255220,236470,217720,198970,180220,161470,142720,123970
5300000,5320000,377540,348560,276550,257800,239050,220300,201550,182800,164050,145300,126550
5320000,5340000,380350,351350,279130,260380,241630,222880,204130,185380,166630,147880,129130
5340000,5360000,383150,354140,281710,262960,244210,225460,206710,187960,169210,150460,131710
5360000,5380000,385960,356930,284290,265540,246790,228040,209290,190540,171790,153040,134290
5380000,5400000,388760,359720,286870,268120,249370,230620,211870,193120,174370,155620,136870
5400000,5420000,391570,362510,289450,270700,251950,233200,214450,195700,176950,158200,139450
5420000,5440000,394370,365300,292030,273280,254530,235780,217030,198280,179530,160780,142030
5440000,5460000,397180,368090,294610,275860,257110,238360,219610,200860,182110,163360,144610
5460000,5480000,399980,370880,297190,278440,259690,240940,222190,203440,184690,165940,147190
5480000,5500000,402790,373670,299770,281020,262270,243520,224770,206020,187270,168520,149770
5500000,5520000,405590,376460,302350,283600,264850,246100,227350,208600,189850,171100,152350
5520000,5540000,408400,379250,304930,286180,267430,248680,229930,211180,192430,173680,154930
5540000,5560000,411200,382040,307510,288760,270010,251260,232510,213760,195010,176260,157510
5560000,5580000,414010,384830,310090,291340,272590,253840,235090,216340,197590,178840,160090
5580000,5600000,416810,387620,312670,293920,275170,256420,237670,218920,200170,181420,162670
5600000,5620000,419620,390410,315250,296500,277750,259000,240250,221500,202750,184000,165250
5620000,5640000,422420,393200,317830,299080,280330,261580,242830,224080,205330,186580,167830
5640000,5660000,425230,395990,320410,301660,282910,264160,245410,226660,207910,189160,170410
5660000,5680000,428030,398780,322990,304240,285490,266740,247990,229240,210490,191740,172990
5680000,5700000,430840,401570,325570,306820,288070,269320,250570,231820,213070,194320,175570
5700000,5720000,433640,404360,328150,309400,290650,271900,253150,234400,215650,196900,178150
5720000,5740000,436450,407150,330730,311980,293230,274480,255730,236980,218230,199480,180730
5740000,5760000,439250,409940,333310,314560,295810,277060,258310,239560,220810,202060,183310
5760000,5780000,442060,412730,335890,317140,298390,279640,260890,242140,223390,204640,185890
5780000,5800000,444860,415520,338470,319720,300970,282220,263470,244720,225970,207220,188470
5800000,5820000,447670,418310,341050,322300,303550,284800,266050,247300,228550,209800,191050
5820000,5840000,450470,421100,343630,324880,306130,287380,268630,249880,231130,212380,193630
5840000,5860000,470380,441000,372100,353350,334600,315850,297100,278350,259600,240850,222100
5860000,5880000,475720,446320,377240,358490,339740,320990,302240,283490,264740,245990,227240
5880000,5900000,478690,449140,379880,361130,342380,323630,304880,286130,267380,248630,229880
5900000,5920000,483220,451960,382520,363770,345020,326270,307520,288770,270020,251270,232520
5920000,5940000,487760,454780,385160,366410,347660,328910,310160,291410,272660,253910,235160
5940000,5960000,492300,457600,387800,369050,350300,331550,312800,294050,275300,256550,237800
5960000,5980000,496830,460420,390440,371690,352940,334190,315440,296690,277940,259190,240440
5980000,6000000,501370,463240,393080,374330,355580,336830,318080,299330,280580,261830,243080
6000000,6020000,505900,466060,395720,376970,358220,339470,320720,301970,283220,264470,245720
6020000,6040000,510440,468880,398360,379610,360860,342110,323360,304610,285860,267110,248360
6040000,6060000,514980,471700,401000,382250,363500,344750,326000,307250,288500,269750,251000
6060000,6080000,519510,474520,403640,384890,366140,347390,328640,309890,291140,272390,253640
6080000,6100000,524050,477340,406280,387530,368780,350030,331280,312530,293780,275030,256280
6100000,6120000,528580,481250,408920,390170,371420,352670,333920,315170,296420,277670,258920
6120000,6140000,533120,485760,411560,392810,374060,355310,336560,317810,299060,280310,261560
6140000,6160000,537660,490280,414200,395450,376700,357950,339200,320450,301700,282950,264200
6160000,6180000,542190,494790,416840,398090,379340,360590,341840,323090,304340,285590,266840
6180000,6200000,546730,499300,419480,400730,381980,363230,344480,325730,306980,288230,269480
6200000,6220000,551260,503810,422120,403370,384620,365870,347120,328370,309620,290870,272120
6220000,6240000,555800,508320,424760,406010,387260,368510,349760,331010,312260,293510,274760
6240000,6260000,560340,512840,427400,408650,389900,371150,352400,333650,314900,296150,277400
6260000,6280000,564870,517350,430040,411290,392540,373790,355040,336290,317540,298790,280040
6280000,6300000,569410,521860,432680,413930,395180,376430,357680,338930,320180,301430,282680
6300000,6320000,573940,526370,435320,416570,397820,379070,360320,341570,322820,304070,285320
6320000,6340000,578480,530880,437960,419210,400460,381710,362960,344210,325460,306710,287960
6340000,6360000,583020,535400,440600,421850,403100,384350,365600,346850,328100,309350,290600
6360000,6380000,587550,539910,443240,424490,405740,386990,368240,349490,330740,311990,293240
6380000,6400000,592090,544420,445880,427130,408380,389630,370880,352130,333380,314630,295880
6400000,6420000,596620,548930,448520,429770,411020,392270,373520,354770,336020,317270,298520
6420000,6440000,601160,553440,451160,432410,413660,394910,376160,357410,338660,319910,301160
6440000,6460000,605700,557960,453800,435050,416300,397550,378800,360050,341300,322550,303800
6460000,6480000,610230,562470,456440,437690,418940,400190,381440,362690,343940,325190,306440
6480000,6500000,614770,566980,459080,440330,421580,402830,384080,365330,346580,327830,309080
6500000,6520000,619300,571490,461720,442970,424220,405470,386720,367970,349220,330470,311720
6520000,6540000,623840,576000,464360,445610,426860,408110,389360,370610,351860,333110,314360
6540000,6560000,628380,580520,467000,448250,429500,410750,392000,373250,354500,335750,317000
6560000,6580000,632910,585030,469640,450890,432140,413390,394640,375890,357140,338390,319640
6580000,6600000,637450,589540,472280,453530,434780,416030,397280,378530,359780,341030,322280
6600000,6620000,641980,594050,474920,456170,437420,418670,399920,381170,362420,343670,324920
6620000,6640000,646520,598560,477560,458810,440060,421310,402560,383810,365060,346310,327560
6640000,6660000,651060,603080,481320,461450,442700,423950,405200,386450,367700,348950,330200
6660000,6680000,655590,607590,485540,464090,445340,426590,407840,389090,370340,351590,332840
6680000,6700000,660130,612100,489760,466730,447980,429230,410480,391730,372980,354230,335480
6700000,6720000,664660,616610,493990,469370,450620,431870,413120,394370,375620,356870,338120
6720000,6740000,669200,621120,498210,472010,453260,434510,415760,397010,378260,359510,340760
6740000,6760000,673740,625640,502440,474650,455900,437150,418400,399650,380900,362150,343400
6760000,6780000,678270,630150,506660,477290,458540,439790,421040,402290,383540,364790,346040
6780000,6800000,682810,634660,510880,480880,461180,442430,423680,404930,386180,367430,348680
6800000,6820000,687340,639170,515110,485110,463820,445070,426320,407570,388820,370070,351320
6820000,6840000,691880,643680,519330,489330,466460,447710,428960,410210,391460,372710,353960
6840000,6860000,696420,648200,523560,493560,469100,450350,431600,412850,394100,375350,356600
6860000,6880000,700950,652710,527780,497780,471740,452990,434240,415490,396740,377990,359240
6880000,6900000,705490,657220,532000,502000,474380,455630,436880,418130,399380,380630,361880
6900000,6920000,710020,661730,536230,506230,477020,458270,439520,420770,402020,383270,364520
6920000,6940000,714560,666240,540450,510450,480450,460910,442160,423410,404660,385910,367160
6940000,6960000,719100,670760,544680,514680,484680,463550,444800,426050,407300,388550,369800
6960000,6980000,723630,675270,548900,518900,488900,466190,447440,428690,409940,391190,372440
6980000,7000000,728170,679780,553120,523120,493120,468830,450080,431330,412580,393830,375080
7000000,7020000,732700,684290,557350,527350,497350,471470,452720,433970,415220,396470,377720
7020000,7040000,737240,688800,561570,531570,501570,474110,455360,436610,417860,399110,380360
7040000,7060000,741780,693320,565800,535800,505800,476750,458000,439250,420500,401750,383000
7060000,7080000,746310,697830,570020,540020,510020,480020,460640,441890,423140,404390,385640
7080000,7100000,750850,702340,574240,544240,514240,484240,463280,444530,425780,407030,388280
7100000,7120000,755380,706850,578470,548470,518470,488470,465920,447170,428420,409670,390920
7120000,7140000,759920,711360,582690,552690,522690,492690,468560,449810,431060,412310,393560
7140000,7160000,764460,715880,586920,556920,526920,496920,471200,452450,433700,414950,396200
7160000,7180000,768990,720390,591140,561140,531140,501140,473840,455090,436340,417590,398840
7180000,7200000,773530,724900,595360,565360,535360,505360,476480,457730,438980,420230,401480
7200000,7220000,778060,729410,599590,569590,539590,509590,479590,460370,441620,422870,404120
7220000,7240000,782600,733920,603810,573810,543810,513810,483810,463010,444260,425510,406760
7240000,7260000,787140,738440,608040,578040,548040,518040,488040,465650,446900,428150,409400
7260000,7280000,791670,742950,612260,582260,552260,522260,492260,468290,449540,430790,412040
7280000,7300000,796210,747460,616480,586480,556480,526480,496480,470930,452180,433430,414680
7300000,7320000,800740,751970,620710,590710,560710,530710,500710,473570,454820,436070,417320
7320000,7340000,805280,756480,624930,594930,564930,534930,504930,476210,457460,438710,419960
7340000,7360000,809820,761000,629160,599160,569160,539160,509160,479160,460100,441350,422600
7360000,7380000,814350,765510,633380,603380,573380,543380,513380,483380,462740,443990,425240
7380000,7400000,818890,770020,637600,607600,577600,547600,517600,487600,465380,446630,427880
7400000,7420000,823420,774530,641830,611830,581830,551830,521830,491830,468020,449270,430520
7420000,7440000,827960,779040,646050,616050,586050,556050,526050,496050,470660,451910,433160
7440000,7460000,832500,783560,650280,620280,590280,560280,530280,500280,473300,454550,435800
7460000,7480000,837030,788070,654500,624500,594500,564500,534500,504500,475940,457190,438440
7480000,7500000,841570,792580,658720,628720,598720,568720,538720,508720,478720,459830,441080
7500000,7520000,846100,797090,662950,632950,602950,572950,542950,512950,482950,462470,443720
7520000,7540000,850640,801600,667170,637170,607170,577170,547170,517170,487170,465110,446360
7540000,7560000,855180,806120,671400,641400,611400,581400,551400,521400,491400,467750,449000
7560000,7580000,859710,810630,675620,645620,615620,585620,555620,525620,495620,470390,451640
7580000,7600000,864250,815140,679840,649840,619840,589840,559840,529840,499840,473030,454280
7600000,7620000,868780,819650,684070,654070,624070,594070,564070,534070,504070,475670,456920
7620000,7640000,873320,824160,688290,658290,628290,598290,568290,538290,508290,478310,459560
7640000,7660000,877860,828680,692520,662520,632520,602520,572520,542520,512520,482520,462200
7660000,7680000,882390,833190,696740,666740,636740,606740,576740,546740,516740,486740,464840
7680000,7700000,886930,837700,700960,670960,640960,610960,580960,550960,520960,490960,467480
7700000,7720000,891460,842210,705190,675190,645190,615190,585190,555190,525190,495190,470120
7720000,7740000,896000,846720,709410,679410,649410,619410,589410,559410,529410,499410,472760
7740000,7760000,900540,851240,713640,683640,653640,623640,593640,563640,533640,503640,475400
7760000,7780000,905070,855750,717860,687860,657860,627860,597860,567860,537860,507860,478040
7780000,7800000,909610,860260,722080,692080,662080,632080,602080,572080,542080,512080,482080
7800000,7820000,914140,864770,726310,696310,666310,636310,606310,576310,546310,516310,486310
7820000,7840000,918680,869280,730530,700530,670530,640530,610530,580530,550530,520530,490530
7840000,7860000,923220,873800,734760,704760,674760,644760,614760,584760,554760,524760,494760
7860000,7880000,927750,878310,738980,708980,678980,648980,618980,588980,558980,528980,498980
7880000,7900000,932290,882820,743200,713200,683200,653200,623200,593200,563200,533200,503200
7900000,7920000,936820,887330,747430,717430,687430,657430,627430,597430,567430,537430,507430
7920000,7940000,941360,891840,751650,721650,691650,661650,631650,601650,571650,541650,511650
7940000,7960000,945900,896360,755880,725880,695880,665880,635880,605880,575880,545880,515880
7960000,7980000,950430,900870,760100,730100,700100,670100,640100,610100,580100,550100,520100
7980000,8000000,954970,905380,764320,734320,704320,674320,644320,614320,584320,554320,524320
8000000,8020000,959500,909890,768550,738550,708550,678550,648550,618550,588550,558550,528550
8020000,8040000,964040,914400,772770,742770,712770,682770,652770,622770,592770,562770,532770
8040000,8060000,968580,918920,777000,747000,717000,687000,657000,627000,597000,567000,537000
8060000,8080000,973110,923430,781220,751220,721220,691220,661220,631220,601220,571220,541220
8080000,8100000,977650,927940,785440,755440,725440,695440,665440,635440,605440,575440,545440
8100000,8120000,982180,932450,789670,759670,729670,699670,669670,639670,609670,579670,549670
8120000,8140000,986720,936960,793890,763890,733890,703890,673890,643890,613890,583890,553890
8140000,8160000,991260,941480,798120,768120,738120,708120,678120,648120,618120,588120,558120
8160000,8180000,995790,945990,802340,772340,742340,712340,682340,652340,622340,592340,562340
8180000,8200000,1000330,950500,806560,776560,746560,716560,686560,656560,626560,596560,566560
8200000,8220000,1004860,955010,810790,780790,750790,720790,690790,660790,630790,600790,570790
8220000,8240000,1009400,959520,815010,785010,755010,725010,695010,665010,635010,605010,575010
8240000,8260000,1013940,964040,819240,789240,759240,729240,699240,669240,639240,609240,579240
8260000,8280000,1018470,968550,823460,793460,763460,733460,703460,673460,643460,613460,583460
8280000,8300000,1023010,973060,827680,797680,767680,737680,707680,677680,647680,617680,587680
8300000,8320000,1027540,977570,831910,801910,771910,741910,711910,681910,651910,621910,591910
8320000,8340000,1032080,982080,836130,806130,776130,746130,716130,686130,656130,626130,596130
8340000,8360000,1036740,986720,840480,810480,780480,750480,720480,690480,660480,630480,600480
8360000,8380000,1041420,991370,844840,814840,784840,754840,724840,694840,664840,634840,604840
8380000,8400000,1046100,996030,849210,819210,789210,759210,729210,699210,669210,639210,609210
8400000,8420000,1050780,1000680,853580,823580,793580,763580,733580,703580,673580,643580,613580
8420000,8440000,1055460,1005340,857950,827950,797950,767950,737950,707950,677950,647950,617950
8440000,8460000,1060140,1010000,862320,832320,802320,772320,742320,712320,682320,652320,622320
8460000,8480000,1064820,1014650,866680,836680,806680,776680,746680,716680,686680,656680,626680
8480000,8500000,1069500,1019310,871050,841050,811050,781050,751050,721050,691050,661050,631050
8500000,8520000,1074180,1023960,875420,845420,815420,785420,755420,725420,695420,665420,635420
8520000,8540000,1078860,1028620,879790,849790,819790,789790,759790,729790,699790,669790,639790
8540000,8560000,1083540,1033280,884160,854160,824160,794160,764160,734160,704160,674160,644160
8560000,8580000,1088220,1037930,888520,858520,828520,798520,768520,738520,708520,678520,648520
8580000,8600000,1092900,1042590,892890,862890,832890,802890,772890,742890,712890,682890,652890
8600000,8620000,1097580,1047240,897260,867260,837260,807260,777260,747260,717260,687260,657260
8620000,8640000,1102260,1051900,901630,871630,841630,811630,781630,751630,721630,691630,661630
8640000,8660000,1106940,1056560,906000,876000,846000,816000,786000,756000,726000,696000,666000
8660000,8680000,1111620,1061210,910360,880360,850360,820360,790360,760360,730360,700360,670360
8680000,8700000,1116300,1065870,914730,884730,854730,824730,794730,764730,734730,704730,674730
8700000,8720000,1120980,1070520,919100,889100,859100,829100,799100,769100,739100,709100,679100
8720000,8740000,1125660,1075180,923470,893470,863470,833470,803470,773470,743470,713470,683470
8740000,8760000,1130340,1079840,927840,897840,867840,837840,807840,777840,747840,717840,687840
8760000,8780000,1135020,1084490,932200,902200,872200,842200,812200,782200,752200,722200,692200
8780000,8800000,1139700,1089150,936570,906570,876570,846570,816570,786570,756570,726570,696570
8800000,8820000,1144380,1093800,940940,910940,880940,850940,820940,790940,760940,730940,700940
8820000,8840000,1149060,1098460,945310,915310,885310,855310,825310,795310,765310,735310,705310
8840000,8860000,1153740,1103120,949680,919680,889680,859680,829680,799680,769680,739680,709680
8860000,8880000,1158420,1107770,954040,924040,894040,864040,834040,804040,774040,744040,714040
8880000,8900000,1163100,1112430,958410,928410,898410,868410,838410,808410,778410,748410,718410
8900000,8920000,1167780,1117080,962780,932780,902780,872780,842780,812780,782780,752780,722780
8920000,8940000,1172460,1121740,967150,937150,907150,877150,847150,817150,787150,757150,727150
8940000,8960000,1177140,1126400,971520,941520,911520,881520,851520,821520,791520,761520,731520
8960000,8980000,1181820,1131050,975880,945880,915880,885880,855880,825880,795880,765880,735880
8980000,9000000,1186500,1135710,980250,950250,920250,890250,860250,830250,800250,770250,740250
9000000,9020000,1191180,1140360,984620,954620,924620,894620,864620,834620,804620,774620,744620
9020000,9040000,1195860,1145020,988990,958990,928990,898990,868990,838990,808990,778990,748990
9040000,9060000,1200540,1149680,993360,963360,933360,903360,873360,843360,813360,783360,753360
9060000,9080000,1205220,1154330,997720,967720,937720,907720,877720,847720,817720,787720,757720
9080000,9100000,1209900,1158990,1002090,972090,942090,912090,882090,852090,822090,792090,762090
9100000,9120000,1214580,1163640,1006460,976460,946460,916460,886460,856460,826460,796460,766460
9120000,9140000,1219260,1168300,1010830,980830,950830,920830,890830,860830,830830,800830,770830
9140000,9160000,1223940,1172960,1015200,985200,955200,925200,895200,865200,835200,805200,775200
9160000,9180000,1228620,1177610,1019560,989560,959560,929560,899560,869560,839560,809560,779560
9180000,9200000,1233300,1182270,1023930,993930,963930,933930,903930,873930,843930,813930,783930
9200000,9220000,1237980,1186920,1028300,998300,968300,938300,908300,878300,848300,818300,788300
9220000,9240000,1244640,1191580,1032670,1002670,972670,942670,912670,882670,852670,822670,792670
9240000,9260000,1251470,1196240,1037040,1007040,977040,947040,917040,887040,857040,827040,797040
9260000,9280000,1258290,1200890,1041400,1011400,981400,951400,921400,891400,861400,831400,801400
9280000,9300000,1265120,1205550,1045770,1015770,985770,955770,925770,895770,865770,835770,805770
9300000,9320000,1271940,1210200,1050140,1020140,990140,960140,930140,900140,870140,840140,810140
9320000,9340000,1278770,1214860,1054510,1024510,994510,964510,934510,904510,874510,844510,814510
9340000,9360000,1285590,1219520,1058880,1028880,998880,968880,938880,908880,878880,848880,818880
9360000,9380000,1292420,1224170,1063240,1033240,1003240,973240,943240,913240,883240,853240,823240
9380000,9400000,1299240,1228830,1067610,1037610,1007610,977610,947610,917610,887610,857610,827610
9400000,9420000,1306070,1233480,1071980,1041980,1011980,981980,951980,921980,891980,861980,831980
9420000,9440000,1312890,1238140,1076350,1046350,1016350,986350,956350,926350,896350,866350,836350
9440000,9460000,1319720,1244840,1080720,1050720,1020720,990720,960720,930720,900720,870720,840720
9460000,9480000,1326540,1251630,1085080,1055080,1025080,995080,965080,935080,905080,875080,845080
9480000,9500000,1333370,1258420,1089450,1059450,1029450,999450,969450,939450,909450,879450,849450
9500000,9520000,1340190,1265210,1093820,1063820,1033820,1003820,973820,943820,913820,883820,853820
9520000,9540000,1347020,1272000,1098190,1068190,1038190,1008190,978190,948190,918190,888190,858190
9540000,9560000,1353840,1278790,1102560,1072560,1042560,1012560,982560,952560,922560,892560,862560
9560000,9580000,1360670,1285580,1106920,1076920,1046920,1016920,986920,956920,926920,896920,866920
9580000,9600000,1367490,1292370,1111290,1081290,1051290,1021290,991290,961290,931290,901290,871290
9600000,9620000,1374320,1299160,1115660,1085660,1055660,1025660,995660,965660,935660,905660,875660
9620000,9640000,1381140,1305950,1120030,1090030,1060030,1030030,1000030,970030,940030,910030,880030
9640000,9660000,1387970,1312740,1124400,1094400,1064400,1034400,1004400,974400,944400,914400,884400
9660000,9680000,1394790,1319530,1128760,1098760,1068760,1038760,1008760,978760,948760,918760,888760
9680000,9700000,1401620,1326320,1133130,1103130,1073130,1043130,1013130,983130,953130,923130,893130
9700000,9720000,1408440,1333110,1137500,1107500,1077500,1047500,1017500,987500,957500,927500,897500
9720000,9740000,1415270,1339900,1141870,1111870,1081870,1051870,1021870,991870,961870,931870,901870
9740000,9760000,1422090,1346690,1146240,1116240,1086240,1056240,1026240,996240,966240,936240,906240
9760000,9780000,1428920,1353480,1150600,1120600,1090600,1060600,1030600,1000600,970600,940600,910600
9780000,9800000,1435740,1360270,1154970,1124970,1094970,1064970,1034970,1004970,974970,944970,914970
9800000,9820000,1442570,1367060,1159340,1129340,1099340,1069340,1039340,1009340,979340,949340,919340
9820000,9840000,1449390,1373850,1163710,1133710,1103710,1073710,1043710,1013710,983710,953710,923710
9840000,9860000,1456220,1380640,1168080,1138080,1108080,1078080,1048080,1018080,988080,958080,928080
9860000,9880000,1463040,1387430,1172440,1142440,1112440,1082440,1052440,1022440,992440,962440,932440
9880000,9900000,1469870,1394220,1176810,1146810,1116810,1086810,1056810,1026810,996810,966810,936810
9900000,9920000,1476690,1401010,1181180,1151180,1121180,1091180,1061180,1031180,1001180,971180,941180
9920000,9940000,1483520,1407800,1185550,1155550,1125550,1095550,1065550,1035550,1005550,975550,945550
9940000,9960000,1490340,1414590,1189920,1159920,1129920,1099920,1069920,1039920,1009920,979920,949920
9960000,9980000,1497170,1421380,1194280,1164280,1134280,1104280,1074280,1044280,1014280,984280,954280
9980000,10000000,1503990,1428170,1198650,1168650,1138650,1108650,1078650,1048650,1018650,988650,958650
10000000,10000000,1507400,1431570,1200840,1170840,1140840,1110840,1080840,1050840,1020840,990840,960840
10000000,14000000,0,1397000,,,,,,,,,
14000000,28000000,5213600,6610600,,,,,,,,,
28000000,30000000,784000,7394600,,,,,,,,,
30000000,45000000,6000000,13394600,,,,,,,,,
45000000,87000000,17640000,31034600,,,,,,,,,
87000000,0,0.45,,,,,,,,,,